STATEA,COUNTYA,naics,emp_nf,EMP
1,1,48----,G,177
1,3,48----,G,1453
1,5,48----,H,789
1,7,48----,J,320
1,9,48----,G,250
1,11,48----,J,6
1,13,48----,G,254
1,15,48----,G,1275
1,17,48----,J,426
1,19,48----,H,100
1,21,48----,G,171
1,23,48----,G,146
1,25,48----,H,185
1,27,48----,G,39
1,29,48----,J,24
1,31,48----,H,307
1,33,48----,G,681
1,35,48----,H,224
1,37,48----,J,7
1,39,48----,G,246
1,41,48----,H,116
1,43,48----,J,2050
1,45,48----,J,420
1,47,48----,G,122
1,49,48----,J,1401
1,51,48----,G,250
1,53,48----,H,493
1,55,48----,G,724
1,57,48----,J,38
1,59,48----,H,171
1,61,48----,H,189
1,63,48----,G,13
1,65,48----,J,31
1,67,48----,J,246
1,69,48----,G,2154
1,71,48----,H,282
1,73,48----,G,13119
1,75,48----,H,180
1,77,48----,H,171
1,79,48----,H,81
1,81,48----,G,3333
1,83,48----,H,1616
1,85,48----,J,152
1,87,48----,G,76
1,89,48----,G,4106
1,91,48----,H,164
1,93,48----,G,335
1,95,48----,G,889
1,97,48----,G,10263
1,99,48----,G,743
1,101,48----,G,5336
1,103,48----,G,2180
1,105,48----,G,33
1,107,48----,J,45
1,109,48----,H,1945
1,111,48----,H,146
1,113,48----,H,390
1,115,48----,G,216
1,117,48----,G,1973
1,119,48----,J,613
1,121,48----,G,2277
1,123,48----,H,410
1,125,48----,G,4024
1,127,48----,G,179
1,129,48----,H,274
1,131,48----,G,45
1,133,48----,G,192
1,999,48----,J,238
2,13,48----,H,22
2,16,48----,H,661
2,20,48----,G,12028
2,50,48----,J,332
2,60,48----,J,92
2,63,48----,J,322
2,66,48----,H,39
2,68,48----,J,21
2,70,48----,J,68
2,90,48----,H,1765
2,100,48----,J,15
2,105,48----,H,48
2,110,48----,H,837
2,122,48----,G,1038
2,130,48----,H,557
2,150,48----,J,234
2,158,48----,G,22
2,164,48----,G,88
2,170,48----,H,836
2,180,48----,G,191
2,185,48----,J,242
2,188,48----,G,168
2,195,48----,J,50
2,198,48----,J,82
2,220,48----,G,191
2,230,48----,J,20
2,240,48----,J,108
2,275,48----,G,34
2,282,48----,J,17
2,290,48----,J,13
2,999,48----,G,2
4,1,48----,J,58
4,3,48----,G,784
4,5,48----,G,1313
4,7,48----,H,255
4,9,48----,G,260
4,11,48----,G,37
4,12,48----,H,88
4,13,48----,G,101231
4,15,48----,G,1540
4,17,48----,G,563
4,19,48----,G,12004
4,21,48----,H,3219
4,23,48----,G,1724
4,25,48----,G,1579
4,27,48----,G,2027
4,999,48----,H,97
5,1,48----,J,351
5,3,48----,G,211
5,5,48----,J,168
5,7,48----,H,14367
5,9,48----,G,535
5,11,48----,J,41
5,13,48----,J,130
5,15,48----,H,34
5,17,48----,H,445
5,19,48----,H,97
5,21,48----,J,121
5,23,48----,J,31
5,25,48----,G,53
5,27,48----,H,198
5,29,48----,G,300
5,31,48----,G,1991
5,33,48----,J,730
5,35,48----,G,2335
5,37,48----,H,54
5,39,48----,H,164
5,41,48----,G,109
5,43,48----,H,78
5,45,48----,G,480
5,47,48----,G,95
5,49,48----,J,7
5,51,48----,G,639
5,53,48----,J,52
5,55,48----,J,433
5,57,48----,G,117
5,59,48----,H,551
5,61,48----,J,148
5,63,48----,G,488
5,65,48----,H,96
5,67,48----,G,93
5,69,48----,H,258
5,71,48----,G,1391
5,73,48----,G,18
5,75,48----,H,79
5,77,48----,G,38
5,79,48----,J,14
5,81,48----,H,175
5,83,48----,H,84
5,85,48----,G,385
5,87,48----,G,231
5,89,48----,H,27
5,91,48----,H,1622
5,93,48----,H,646
5,95,48----,J,40
5,97,48----,J,10
5,99,48----,H,299
5,101,48----,G,12
5,103,48----,H,241
5,107,48----,G,158
5,109,48----,J,62
5,111,48----,G,92
5,113,48----,H,197
5,115,48----,H,1483
5,117,48----,H,48
5,119,48----,G,15307
5,121,48----,H,144
5,123,48----,H,222
5,125,48----,H,625
5,127,48----,J,33
5,129,48----,G,5
5,131,48----,G,3032
5,133,48----,G,54
5,135,48----,J,11
5,137,48----,J,17
5,139,48----,G,473
5,141,48----,H,188
5,143,48----,G,6588
5,145,48----,J,2139
5,147,48----,H,33
5,149,48----,J,110
5,999,48----,J,2677
6,1,48----,G,32163
6,5,48----,G,78
6,7,48----,G,1267
6,9,48----,H,187
6,11,48----,H,325
6,13,48----,G,10397
6,15,48----,H,145
6,17,48----,G,432
6,19,48----,G,19899
6,21,48----,G,550
6,23,48----,G,801
6,25,48----,G,1871
6,27,48----,H,76
6,29,48----,G,13545
6,31,48----,H,1640
6,33,48----,G,159
6,35,48----,J,68
6,37,48----,G,194423
6,39,48----,G,742
6,41,48----,G,1757
6,43,48----,J,18
6,45,48----,H,545
6,47,48----,H,2374
6,49,48----,J,25
6,51,48----,G,29
6,53,48----,G,3114
6,55,48----,G,2231
6,57,48----,H,532
6,59,48----,G,39763
6,61,48----,G,4281
6,63,48----,J,61
6,65,48----,G,52342
6,67,48----,H,28395
6,69,48----,H,462
6,71,48----,G,106252
6,73,48----,G,35792
6,75,48----,G,11338
6,77,48----,G,34643
6,79,48----,G,1761
6,81,48----,G,36477
6,83,48----,G,3479
6,85,48----,G,14670
6,87,48----,G,1656
6,89,48----,G,1561
6,91,48----,J,3
6,93,48----,J,200
6,95,48----,G,7227
6,97,48----,G,5231
6,99,48----,G,7619
6,101,48----,H,1541
6,103,48----,J,1862
6,105,48----,J,13
6,107,48----,G,6715
6,109,48----,H,92
6,111,48----,G,7754
6,113,48----,G,7696
6,115,48----,J,416
6,999,48----,H,28542
8,1,48----,G,26534
8,3,48----,H,90
8,5,48----,G,6425
8,7,48----,J,28
8,9,48----,H,20
8,13,48----,G,1716
8,14,48----,J,961
8,15,48----,G,88
8,17,48----,H,30
8,19,48----,G,62
8,21,48----,G,52
8,27,48----,J,22
8,29,48----,H,62
8,31,48----,H,33728
8,33,48----,J,55
8,35,48----,G,2368
8,37,48----,G,939
8,39,48----,J,76
8,41,48----,G,6120
8,43,48----,J,296
8,45,48----,G,541
8,47,48----,J,21
8,49,48----,G,198
8,51,48----,G,147
8,55,48----,J,6
8,57,48----,J,6
8,59,48----,H,3038
8,61,48----,J,14
8,63,48----,H,38
8,65,48----,G,17
8,67,48----,G,566
8,69,48----,H,3833
8,71,48----,G,77
8,73,48----,G,24
8,75,48----,G,217
8,77,48----,G,2356
8,81,48----,J,73
8,83,48----,H,164
8,85,48----,H,706
8,87,48----,G,302
8,89,48----,H,62
8,91,48----,J,114
8,93,48----,J,19
8,95,48----,J,15
8,97,48----,H,532
8,99,48----,J,65
8,101,48----,G,1902
8,103,48----,H,51
8,105,48----,J,24
8,107,48----,G,269
8,109,48----,J,36
8,113,48----,J,39
8,115,48----,J,6
8,117,48----,H,320
8,119,48----,J,43
8,121,48----,J,49
8,123,48----,G,3031
8,125,48----,J,31
8,999,48----,G,89
9,110,48----,G,23835
9,120,48----,G,3843
9,130,48----,J,2108
9,140,48----,G,5236
9,150,48----,H,1867
9,160,48----,H,322
9,170,48----,G,10021
9,180,48----,H,3320
9,190,48----,G,5300
9,999,48----,H,47
10,1,48----,G,3167
10,3,48----,H,13244
10,5,48----,G,2299
10,999,48----,G,27
11,1,48----,G,2245
12,1,48----,H,3654
12,3,48----,J,1116
12,5,48----,G,1560
12,7,48----,G,630
12,9,48----,H,5423
12,11,48----,G,38794
12,13,48----,J,86
12,15,48----,G,1148
12,17,48----,G,204
12,19,48----,H,1012
12,21,48----,H,2061
12,23,48----,H,1368
12,27,48----,J,1219
12,29,48----,H,60
12,31,48----,G,46780
12,33,48----,G,3889
12,35,48----,H,225
12,37,48----,J,19
12,39,48----,G,223
12,41,48----,H,59
12,43,48----,J,30
12,45,48----,H,47
12,47,48----,J,102
12,49,48----,G,105
12,51,48----,G,74
12,53,48----,H,2127
12,55,48----,G,236
12,57,48----,G,23379
12,59,48----,J,30
12,61,48----,G,937
12,63,48----,G,1165
12,65,48----,H,96
12,67,48----,G,54
12,69,48----,G,3421
12,71,48----,G,8397
12,73,48----,G,1331
12,75,48----,H,129
12,77,48----,J,61
12,79,48----,H,90
12,81,48----,G,4579
12,83,48----,H,5673
12,85,48----,H,2762
12,86,48----,G,71342
12,87,48----,G,1386
12,89,48----,G,419
12,91,48----,G,2046
12,93,48----,H,311
12,95,48----,G,41954
12,97,48----,H,2656
12,99,48----,G,15351
12,101,48----,H,2746
12,103,48----,G,7607
12,105,48----,G,22469
12,107,48----,H,273
12,109,48----,G,1602
12,111,48----,H,3309
12,113,48----,H,720
12,115,48----,G,4308
12,117,48----,G,3574
12,119,48----,H,532
12,121,48----,G,101
12,123,48----,H,116
12,125,48----,H,390
12,127,48----,G,3456
12,129,48----,J,80
12,131,48----,G,452
12,133,48----,G,142
12,999,48----,H,1163
13,1,48----,H,177
13,3,48----,J,104
13,5,48----,H,83
13,7,48----,G,6
13,9,48----,H,52
13,11,48----,H,55
13,13,48----,H,819
13,15,48----,G,2508
13,17,48----,G,49
13,19,48----,J,18
13,21,48----,H,3223
13,23,48----,J,148
13,25,48----,H,97
13,27,48----,G,9
13,29,48----,H,436
13,31,48----,H,1641
13,33,48----,G,113
13,35,48----,H,1155
13,37,48----,H,167
13,39,48----,H,90
13,43,48----,J,30
13,45,48----,G,1285
13,47,48----,G,487
13,49,48----,J,9
13,51,48----,G,18565
13,53,48----,G,133
13,55,48----,G,20
13,57,48----,G,1849
13,59,48----,G,1278
13,63,48----,G,20287
13,67,48----,G,15934
13,69,48----,J,1753
13,71,48----,H,248
13,73,48----,H,1141
13,75,48----,J,60
13,77,48----,G,2530
13,81,48----,H,209
13,83,48----,J,38
13,85,48----,G,75
13,87,48----,G,170
13,89,48----,H,16848
13,91,48----,H,66
13,93,48----,G,177
13,95,48----,H,2205
13,97,48----,G,3143
13,99,48----,G,117
13,101,48----,H,51
13,103,48----,G,1152
13,105,48----,H,88
13,107,48----,G,256
13,109,48----,J,120
13,111,48----,G,71
13,113,48----,G,1955
13,115,48----,H,1605
13,117,48----,G,1481
13,119,48----,H,775
13,121,48----,H,80164
13,123,48----,H,74
13,125,48----,G,5
13,127,48----,G,1909
13,129,48----,H,1057
13,131,48----,G,409
13,133,48----,G,91
13,135,48----,G,16200
13,137,48----,J,141
13,139,48----,G,4892
13,141,48----,G,5
13,143,48----,G,222
13,145,48----,G,220
13,147,48----,J,33
13,149,48----,J,23
13,151,48----,G,8323
13,153,48----,H,834
13,157,48----,H,9780
13,159,48----,J,12
13,161,48----,J,99
13,163,48----,G,129
13,165,48----,J,9
13,167,48----,H,46
13,169,48----,H,42
13,171,48----,H,65
13,175,48----,G,705
13,177,48----,G,121
13,179,48----,H,1090
13,181,48----,G,21
13,183,48----,H,29
13,185,48----,H,3328
13,187,48----,G,296
13,189,48----,J,590
13,191,48----,J,51
13,193,48----,H,96
13,195,48----,G,70
13,197,48----,G,7
13,199,48----,G,81
13,201,48----,J,10
13,205,48----,G,161
13,207,48----,J,579
13,209,48----,J,80
13,211,48----,H,137
13,213,48----,G,51
13,215,48----,G,1356
13,217,48----,G,456
13,219,48----,G,205
13,221,48----,H,44
13,223,48----,G,393
13,225,48----,G,254
13,227,48----,J,71
13,229,48----,G,223
13,231,48----,H,32
13,233,48----,G,321
13,235,48----,J,15
13,237,48----,J,99
13,241,48----,J,15
13,243,48----,G,152
13,245,48----,G,2743
13,247,48----,G,1023
13,251,48----,J,45
13,253,48----,H,119
13,255,48----,H,280
13,257,48----,J,54
13,261,48----,J,137
13,263,48----,H,29
13,267,48----,G,65
13,269,48----,J,86
13,271,48----,G,34
13,273,48----,H,63
13,275,48----,H,271
13,277,48----,J,1708
13,279,48----,H,346
13,281,48----,J,18
13,283,48----,G,50
13,285,48----,H,2846
13,287,48----,J,74
13,289,48----,J,1236
13,291,48----,H,780
13,293,48----,G,45
13,295,48----,H,111
13,297,48----,H,1684
13,299,48----,H,1458
13,301,48----,J,11
13,303,48----,H,508
13,305,48----,G,217
13,307,48----,G,31
13,309,48----,G,14
13,311,48----,H,51
13,313,48----,H,3446
13,315,48----,J,22
13,317,48----,H,47
13,319,48----,G,269
13,321,48----,J,69
13,999,48----,H,493
15,1,48----,G,2639
15,3,48----,G,20389
15,7,48----,G,1479
15,9,48----,G,3377
16,1,48----,G,8090
16,3,48----,J,7
16,5,48----,G,649
16,7,48----,J,10
16,9,48----,H,204
16,11,48----,G,411
16,13,48----,J,373
16,15,48----,G,25
16,17,48----,H,348
16,19,48----,G,1928
16,21,48----,G,59
16,23,48----,J,13
16,27,48----,H,2906
16,29,48----,G,37
16,31,48----,G,966
16,35,48----,J,30
16,37,48----,J,11
16,39,48----,H,186
16,41,48----,G,79
16,43,48----,H,133
16,45,48----,G,101
16,47,48----,H,131
16,49,48----,H,233
16,51,48----,G,320
16,53,48----,G,860
16,55,48----,G,1061
16,57,48----,G,58
16,59,48----,H,43
16,61,48----,J,13
16,63,48----,G,25
16,65,48----,H,680
16,67,48----,J,522
16,69,48----,G,668
16,71,48----,G,10
16,73,48----,G,141
16,75,48----,J,1162
16,77,48----,G,330
16,79,48----,G,53
16,81,48----,J,69
16,83,48----,G,1414
16,85,48----,G,82
16,87,48----,G,22
16,999,48----,J,56
17,1,48----,G,1271
17,3,48----,G,243
17,5,48----,H,149
17,7,48----,H,705
17,9,48----,J,713
17,11,48----,J,1282
17,13,48----,J,20
17,15,48----,H,78
17,17,48----,H,42
17,19,48----,H,4035
17,21,48----,G,184
17,23,48----,H,63
17,25,48----,H,210
17,27,48----,H,426
17,29,48----,G,391
17,31,48----,G,151788
17,33,48----,G,122
17,35,48----,J,192
17,37,48----,H,3395
17,39,48----,H,101
17,41,48----,H,252
17,43,48----,G,32635
17,45,48----,H,139
17,47,48----,G,26
17,49,48----,H,863
17,51,48----,J,242
17,53,48----,H,84
17,55,48----,H,279
17,57,48----,H,137
17,59,48----,G,99
17,61,48----,G,54
17,63,48----,H,3148
17,65,48----,G,60
17,67,48----,J,58
17,69,48----,H,46
17,71,48----,H,29
17,73,48----,G,340
17,75,48----,J,121
17,77,48----,H,128
17,79,48----,H,73
17,81,48----,H,1869
17,83,48----,G,67
17,85,48----,G,211
17,87,48----,J,79
17,89,48----,G,7046
17,91,48----,G,1506
17,93,48----,H,2303
17,95,48----,H,517
17,97,48----,G,8109
17,99,48----,G,1940
17,101,48----,H,41
17,103,48----,J,311
17,105,48----,G,393
17,107,48----,G,275
17,109,48----,G,155
17,111,48----,G,2535
17,113,48----,G,2861
17,115,48----,H,2348
17,117,48----,H,178
17,119,48----,H,10880
17,121,48----,G,496
17,123,48----,G,116
17,125,48----,H,105
17,127,48----,G,109
17,129,48----,J,44
17,131,48----,H,50
17,133,48----,H,233
17,135,48----,J,298
17,137,48----,G,407
17,139,48----,G,172
17,141,48----,G,1875
17,143,48----,G,1465
17,145,48----,H,142
17,147,48----,G,82
17,149,48----,H,204
17,153,48----,J,57
17,155,48----,G,68
17,157,48----,G,266
17,159,48----,J,1124
17,161,48----,G,5740
17,163,48----,G,4818
17,165,48----,J,56
17,167,48----,G,1993
17,169,48----,H,29
17,171,48----,J,17
17,173,48----,H,85
17,175,48----,H,85
17,177,48----,G,253
17,179,48----,H,3919
17,181,48----,H,31
17,183,48----,G,1418
17,185,48----,J,23
17,187,48----,G,314
17,189,48----,J,797
17,191,48----,H,134
17,193,48----,G,189
17,195,48----,H,1616
17,197,48----,G,39072
17,199,48----,H,1956
17,201,48----,G,7591
17,203,48----,H,277
17,999,48----,H,635
18,1,48----,G,310
18,3,48----,G,8948
18,5,48----,G,1464
18,7,48----,G,83
18,9,48----,H,89
18,11,48----,G,5955
18,13,48----,H,25
18,15,48----,G,123
18,17,48----,H,398
18,19,48----,G,4345
18,21,48----,G,193
18,23,48----,G,710
18,25,48----,H,127
18,27,48----,G,884
18,29,48----,G,443
18,31,48----,H,949
18,33,48----,G,1940
18,35,48----,H,827
18,37,48----,G,1557
18,39,48----,G,2794
18,41,48----,J,63
18,43,48----,G,446
18,45,48----,H,91
18,47,48----,G,132
18,49,48----,H,91
18,51,48----,G,833
18,53,48----,J,2904
18,55,48----,G,65
18,57,48----,G,1808
18,59,48----,G,1979
18,61,48----,G,203
18,63,48----,G,12754
18,65,48----,G,183
18,67,48----,H,432
18,69,48----,H,317
18,71,48----,J,2056
18,73,48----,H,862
18,75,48----,G,97
18,77,48----,H,208
18,79,48----,H,936
18,81,48----,G,7217
18,83,48----,J,586
18,85,48----,G,367
18,87,48----,J,345
18,89,48----,G,7913
18,91,48----,H,1474
18,93,48----,H,189
18,95,48----,H,2901
18,97,48----,G,41461
18,99,48----,H,353
18,101,48----,G,160
18,103,48----,H,302
18,105,48----,G,812
18,107,48----,G,247
18,109,48----,H,251
18,111,48----,H,46
18,113,48----,J,153
18,115,48----,J,11
18,117,48----,H,107
18,119,48----,H,51
18,121,48----,H,62
18,123,48----,G,82
18,125,48----,H,279
18,127,48----,G,2668
18,129,48----,H,2642
18,131,48----,G,118
18,133,48----,J,863
18,135,48----,H,135
18,137,48----,G,1296
18,139,48----,G,301
18,141,48----,G,4413
18,143,48----,G,87
18,145,48----,G,419
18,147,48----,H,341
18,149,48----,H,39
18,151,48----,G,495
18,153,48----,H,62
18,155,48----,J,19
18,157,48----,G,2020
18,159,48----,G,24
18,161,48----,J,33
18,163,48----,H,5890
18,165,48----,G,90
18,167,48----,G,1858
18,169,48----,H,111
18,171,48----,J,77
18,173,48----,H,416
18,175,48----,H,65
18,177,48----,G,640
18,179,48----,H,1450
18,181,48----,G,226
18,183,48----,G,244
18,999,48----,J,593
19,1,48----,H,153
19,3,48----,H,42
19,5,48----,H,48
19,7,48----,J,78
19,9,48----,H,56
19,11,48----,H,136
19,13,48----,H,3647
19,15,48----,J,856
19,17,48----,J,53
19,19,48----,G,205
19,21,48----,G,103
19,23,48----,H,173
19,25,48----,G,120
19,27,48----,H,268
19,29,48----,J,136
19,31,48----,H,440
19,33,48----,H,937
19,35,48----,J,926
19,37,48----,H,99
19,39,48----,J,164
19,41,48----,J,390
19,43,48----,G,127
19,45,48----,G,816
19,47,48----,J,349
19,49,48----,H,959
19,51,48----,H,131
19,53,48----,J,15
19,55,48----,G,185
19,57,48----,G,549
19,59,48----,H,301
19,61,48----,H,4719
19,63,48----,H,85
19,65,48----,H,468
19,67,48----,J,90
19,69,48----,J,32
19,71,48----,H,207
19,73,48----,J,14
19,75,48----,G,104
19,77,48----,J,70
19,79,48----,J,58
19,81,48----,H,234
19,83,48----,G,121
19,85,48----,H,50
19,87,48----,J,1008
19,89,48----,J,43
19,91,48----,G,204
19,93,48----,G,117
19,95,48----,G,106
19,97,48----,H,468
19,99,48----,H,202
19,101,48----,H,127
19,103,48----,H,3046
19,105,48----,G,100
19,107,48----,G,126
19,109,48----,H,113
19,111,48----,G,261
19,113,48----,G,7277
19,115,48----,H,108
19,117,48----,J,2663
19,119,48----,J,107
19,121,48----,G,32
19,123,48----,G,213
19,125,48----,H,217
19,127,48----,H,225
19,129,48----,H,44
19,131,48----,G,63
19,133,48----,J,29
19,135,48----,J,24
19,137,48----,H,76
19,139,48----,G,776
19,141,48----,G,415
19,143,48----,G,115
19,145,48----,G,50
19,147,48----,H,138
19,149,48----,G,1357
19,151,48----,J,76
19,153,48----,G,14507
19,155,48----,G,1951
19,157,48----,H,76
19,159,48----,J,17
19,161,48----,H,159
19,163,48----,H,3227
19,165,48----,G,953
19,167,48----,G,464
19,169,48----,G,516
19,171,48----,H,119
19,173,48----,J,190
19,175,48----,H,81
19,177,48----,G,64
19,179,48----,G,518
19,181,48----,H,92
19,183,48----,H,133
19,185,48----,J,21
19,187,48----,H,2726
19,189,48----,J,324
19,191,48----,J,205
19,193,48----,H,1735
19,195,48----,G,13
19,197,48----,H,116
19,999,48----,J,216
20,1,48----,H,86
20,3,48----,H,41
20,5,48----,G,79
20,7,48----,J,22
20,9,48----,H,238
20,11,48----,G,66
20,13,48----,G,127
20,15,48----,G,456
20,17,48----,G,40
20,19,48----,J,5
20,21,48----,H,97
20,27,48----,G,54
20,29,48----,H,55
20,31,48----,G,127
20,35,48----,J,110
20,37,48----,G,176
20,39,48----,J,13
20,41,48----,G,162
20,43,48----,H,152
20,45,48----,H,638
20,47,48----,G,9
20,49,48----,J,6
20,51,48----,G,412
20,53,48----,H,204
20,55,48----,G,449
20,57,48----,G,599
20,59,48----,J,2150
20,61,48----,J,855
20,63,48----,H,22
20,65,48----,J,4
20,67,48----,G,66
20,69,48----,G,53
20,73,48----,J,167
20,75,48----,J,73
20,77,48----,J,167
20,79,48----,H,108
20,81,48----,H,30
20,83,48----,J,41
20,85,48----,H,24
20,87,48----,J,50
20,89,48----,J,38
20,91,48----,G,23945
20,93,48----,J,64
20,95,48----,J,30
20,97,48----,H,45
20,99,48----,H,381
20,101,48----,J,8
20,103,48----,G,381
20,107,48----,J,25
20,109,48----,G,5
20,111,48----,G,359
20,113,48----,G,201
20,115,48----,J,24
20,117,48----,G,80
20,119,48----,J,6
20,121,48----,H,216
20,123,48----,G,75
20,125,48----,H,479
20,127,48----,G,14
20,129,48----,G,63
20,131,48----,J,424
20,133,48----,G,82
20,135,48----,H,49
20,137,48----,J,14
20,139,48----,J,60
20,141,48----,J,65
20,143,48----,J,13
20,147,48----,H,80
20,149,48----,H,277
20,151,48----,H,50
20,153,48----,G,5
20,155,48----,H,1091
20,157,48----,J,18
20,159,48----,G,112
20,161,48----,G,176
20,163,48----,J,79
20,165,48----,H,53
20,167,48----,H,74
20,169,48----,G,1422
20,171,48----,J,40
20,173,48----,G,10206
20,175,48----,H,834
20,177,48----,H,3176
20,179,48----,H,39
20,181,48----,G,89
20,185,48----,J,29
20,187,48----,J,43
20,189,48----,H,128
20,191,48----,H,252
20,193,48----,H,124
20,195,48----,J,19
20,197,48----,H,26
20,199,48----,J,10
20,201,48----,J,54
20,203,48----,J,21
20,205,48----,H,38
20,207,48----,J,5
20,209,48----,G,11013
20,999,48----,J,4905
21,1,48----,H,248
21,3,48----,H,690
21,5,48----,J,13
21,7,48----,J,72
21,9,48----,H,173
21,11,48----,J,35
21,13,48----,J,66
21,15,48----,H,14748
21,17,48----,H,46
21,19,48----,H,882
21,21,48----,G,507
21,25,48----,H,75
21,27,48----,G,84
21,29,48----,H,2647
21,31,48----,H,41
21,33,48----,J,198
21,35,48----,H,1947
21,37,48----,H,504
21,39,48----,J,15
21,41,48----,J,195
21,43,48----,G,64
21,45,48----,J,60
21,47,48----,J,1981
21,49,48----,H,265
21,51,48----,J,10
21,53,48----,G,54
21,55,48----,J,38
21,59,48----,G,1944
21,63,48----,J,7
21,65,48----,J,10
21,67,48----,G,9961
21,69,48----,G,27
21,71,48----,J,264
21,73,48----,H,304
21,75,48----,J,29
21,77,48----,J,9
21,79,48----,G,22
21,81,48----,H,48
21,83,48----,H,120
21,85,48----,H,88
21,87,48----,J,33
21,89,48----,J,321
21,91,48----,J,183
21,93,48----,H,1230
21,95,48----,J,117
21,97,48----,J,103
21,99,48----,H,27
21,101,48----,H,607
21,103,48----,G,15
21,105,48----,J,158
21,107,48----,J,1491
21,109,48----,J,40
21,111,48----,J,56280
21,113,48----,G,249
21,115,48----,J,31
21,117,48----,H,6236
21,119,48----,J,54
21,121,48----,H,237
21,123,48----,H,25
21,125,48----,H,2282
21,127,48----,J,27
21,129,48----,H,24
21,131,48----,G,9
21,133,48----,G,132
21,135,48----,G,63
21,137,48----,G,15
21,139,48----,G,51
21,141,48----,G,161
21,143,48----,G,182
21,145,48----,G,3458
21,149,48----,J,18
21,151,48----,H,183
21,153,48----,J,38
21,155,48----,G,99
21,157,48----,H,364
21,159,48----,J,14
21,161,48----,H,297
21,163,48----,J,31
21,165,48----,J,7
21,167,48----,H,319
21,169,48----,G,50
21,171,48----,J,43
21,173,48----,H,151
21,175,48----,H,62
21,177,48----,G,229
21,179,48----,G,581
21,183,48----,J,1340
21,185,48----,H,201
21,187,48----,G,25
21,191,48----,G,90
21,193,48----,H,406
21,195,48----,G,495
21,197,48----,G,195
21,199,48----,H,365
21,201,48----,G,11
21,203,48----,J,177
21,205,48----,H,702
21,207,48----,G,37
21,209,48----,G,920
21,211,48----,G,1818
21,213,48----,H,1084
21,215,48----,G,19
21,217,48----,H,268
21,219,48----,G,95
21,221,48----,J,13
21,223,48----,G,3
21,225,48----,H,48
21,227,48----,G,3412
21,229,48----,G,99
21,231,48----,J,21
21,233,48----,H,140
21,235,48----,G,179
21,237,48----,J,166
21,239,48----,J,449
21,999,48----,J,475
22,1,48----,G,371
22,3,48----,H,36
22,5,48----,G,1636
22,7,48----,G,212
22,9,48----,J,116
22,11,48----,G,151
22,13,48----,G,197
22,15,48----,G,1309
22,17,48----,G,3028
22,19,48----,G,2424
22,21,48----,G,28
22,23,48----,J,533
22,25,48----,J,7
22,27,48----,G,103
22,29,48----,G,51
22,31,48----,H,120
22,33,48----,G,6613
22,35,48----,J,171
22,37,48----,J,90
22,39,48----,J,304
22,41,48----,G,98
22,43,48----,H,24
22,45,48----,G,749
22,47,48----,G,952
22,49,48----,G,102
22,51,48----,G,9951
22,53,48----,G,135
22,55,48----,G,4016
22,57,48----,G,3712
22,59,48----,G,63
22,61,48----,G,310
22,63,48----,G,556
22,65,48----,J,184
22,67,48----,H,110
22,69,48----,J,433
22,71,48----,H,6780
22,73,48----,G,1445
22,75,48----,G,1307
22,77,48----,H,290
22,79,48----,G,1037
22,81,48----,H,44
22,83,48----,H,137
22,85,48----,H,100
22,87,48----,H,450
22,89,48----,G,3181
22,91,48----,G,33
22,93,48----,G,1608
22,95,48----,G,992
22,97,48----,H,1657
22,99,48----,J,383
22,101,48----,G,1093
22,103,48----,G,2921
22,105,48----,H,2165
22,107,48----,J,11
22,109,48----,G,2717
22,111,48----,G,71
22,113,48----,G,454
22,115,48----,G,199
22,117,48----,J,89
22,119,48----,H,302
22,121,48----,G,1710
22,123,48----,H,29
22,125,48----,J,19
22,127,48----,G,27
22,999,48----,J,130
23,1,48----,G,2457
23,3,48----,G,919
23,5,48----,H,5887
23,7,48----,J,125
23,9,48----,G,315
23,11,48----,H,1203
23,13,48----,H,306
23,15,48----,H,161
23,17,48----,G,263
23,19,48----,G,2696
23,21,48----,J,78
23,23,48----,J,74
23,25,48----,G,351
23,27,48----,G,196
23,29,48----,G,240
23,31,48----,H,1507
23,999,48----,G,16
24,1,48----,H,730
24,3,48----,H,16306
24,5,48----,G,10984
24,9,48----,G,300
24,11,48----,G,606
24,13,48----,H,2605
24,15,48----,H,4019
24,17,48----,G,1490
24,19,48----,H,386
24,21,48----,G,2726
24,23,48----,G,453
24,25,48----,G,5650
24,27,48----,G,5276
24,29,48----,G,140
24,31,48----,G,5115
24,33,48----,G,16347
24,35,48----,H,230
24,37,48----,G,791
24,39,48----,J,64
24,41,48----,H,459
24,43,48----,H,9042
24,45,48----,H,1364
24,47,48----,G,93
24,510,48----,G,9931
24,999,48----,H,99
25,1,48----,H,2468
25,3,48----,G,875
25,5,48----,G,9231
25,7,48----,J,219
25,9,48----,G,5867
25,11,48----,G,794
25,13,48----,G,7590
25,15,48----,G,630
25,17,48----,G,21270
25,19,48----,H,121
25,21,48----,G,12032
25,23,48----,G,6236
25,25,48----,G,23037
25,27,48----,G,15734
25,999,48----,G,44
26,1,48----,J,3
26,3,48----,G,5
26,5,48----,G,1488
26,7,48----,H,242
26,9,48----,G,6
26,11,48----,G,62
26,13,48----,J,16
26,15,48----,H,251
26,17,48----,G,424
26,19,48----,H,42
26,21,48----,H,1235
26,23,48----,J,1416
26,25,48----,G,2129
26,27,48----,G,152
26,29,48----,J,54
26,31,48----,G,75
26,33,48----,H,245
26,35,48----,H,447
26,37,48----,G,762
26,39,48----,H,88
26,41,48----,G,521
26,43,48----,G,467
26,45,48----,H,5022
26,47,48----,H,267
26,49,48----,G,3393
26,51,48----,H,47
26,53,48----,J,70
26,55,48----,G,812
26,57,48----,G,314
26,59,48----,G,111
26,61,48----,J,187
26,63,48----,G,434
26,65,48----,H,4543
26,67,48----,G,134
26,69,48----,J,1103
26,71,48----,J,122
26,73,48----,H,552
26,75,48----,G,952
26,77,48----,G,3960
26,79,48----,H,153
26,81,48----,G,15114
26,87,48----,G,443
26,89,48----,J,70
26,91,48----,H,432
26,93,48----,G,2113
26,95,48----,J,19
26,97,48----,H,80
26,99,48----,G,9281
26,101,48----,J,78
26,103,48----,H,550
26,105,48----,G,226
26,107,48----,G,151
26,109,48----,J,209
26,111,48----,G,396
26,113,48----,G,208
26,115,48----,H,2117
26,117,48----,H,180
26,119,48----,J,14
26,121,48----,G,980
26,123,48----,H,117
26,125,48----,G,15273
26,127,48----,J,133
26,129,48----,H,218
26,131,48----,G,12
26,133,48----,G,158
26,135,48----,J,22
26,137,48----,G,475
26,139,48----,G,3407
26,141,48----,J,33
26,143,48----,J,61
26,145,48----,G,2321
26,147,48----,G,1223
26,149,48----,J,300
26,151,48----,H,247
26,153,48----,H,86
26,155,48----,H,604
26,157,48----,H,258
26,159,48----,G,304
26,161,48----,G,5351
26,163,48----,G,43952
26,165,48----,G,620
26,999,48----,H,682
27,1,48----,H,107
27,3,48----,H,5943
27,5,48----,H,482
27,7,48----,G,505
27,9,48----,H,469
27,11,48----,J,36
27,13,48----,H,1445
27,15,48----,H,1547
27,17,48----,G,326
27,19,48----,H,460
27,21,48----,H,71
27,23,48----,G,91
27,25,48----,H,350
27,27,48----,H,475
27,29,48----,J,40
27,31,48----,J,13
27,33,48----,J,49
27,35,48----,G,742
27,37,48----,G,11379
27,39,48----,H,121
27,41,48----,G,228
27,43,48----,H,89
27,45,48----,H,93
27,47,48----,H,303
27,49,48----,H,480
27,51,48----,H,42
27,53,48----,G,30238
27,55,48----,J,291
27,57,48----,H,123
27,59,48----,H,273
27,61,48----,G,394
27,63,48----,G,230
27,65,48----,J,20
27,67,48----,G,517
27,69,48----,G,19
27,71,48----,H,133
27,73,48----,G,55
27,75,48----,H,27
27,77,48----,H,110
27,79,48----,J,204
27,81,48----,H,86
27,83,48----,G,642
27,85,48----,H,646
27,87,48----,H,33
27,89,48----,J,36
27,91,48----,G,204
27,93,48----,G,216
27,95,48----,J,153
27,97,48----,G,289
27,99,48----,H,718
27,101,48----,H,109
27,103,48----,G,545
27,105,48----,H,435
27,107,48----,J,16
27,109,48----,G,1771
27,111,48----,G,365
27,113,48----,H,221
27,115,48----,G,148
27,117,48----,G,154
27,119,48----,H,421
27,121,48----,J,91
27,123,48----,G,6837
27,125,48----,J,76
27,127,48----,H,230
27,129,48----,G,593
27,131,48----,G,1163
27,133,48----,H,101
27,135,48----,J,284
27,137,48----,G,2111
27,139,48----,H,4186
27,141,48----,G,1241
27,143,48----,G,141
27,145,48----,G,4592
27,147,48----,G,690
27,149,48----,H,92
27,151,48----,H,111
27,153,48----,J,184
27,155,48----,H,20
27,157,48----,G,434
27,159,48----,H,154
27,161,48----,G,114
27,163,48----,G,4019
27,165,48----,H,161
27,167,48----,J,44
27,169,48----,H,1094
27,171,48----,G,1290
27,173,48----,G,150
27,999,48----,H,250
28,1,48----,H,658
28,3,48----,G,186
28,5,48----,H,152
28,7,48----,H,160
28,9,48----,J,464
28,11,48----,H,520
28,13,48----,J,104
28,15,48----,J,71
28,17,48----,H,119
28,19,48----,H,43
28,21,48----,G,6
28,23,48----,G,69
28,25,48----,H,390
28,27,48----,G,115
28,29,48----,G,232
28,31,48----,J,235
28,33,48----,G,12145
28,35,48----,G,922
28,37,48----,J,75
28,39,48----,H,72
28,41,48----,H,35
28,43,48----,H,228
28,45,48----,J,221
28,47,48----,G,1965
28,49,48----,G,3738
28,51,48----,H,49
28,53,48----,H,22
28,57,48----,H,220
28,59,48----,G,873
28,61,48----,G,85
28,65,48----,H,26
28,67,48----,G,730
28,69,48----,J,13
28,71,48----,J,375
28,73,48----,G,408
28,75,48----,H,1187
28,77,48----,J,70
28,79,48----,J,76
28,81,48----,G,2369
28,83,48----,G,313
28,85,48----,H,1619
28,87,48----,H,927
28,89,48----,G,1415
28,91,48----,H,605
28,93,48----,G,1572
28,95,48----,J,140
28,97,48----,H,108
28,99,48----,H,117
28,101,48----,H,44
28,103,48----,G,101
28,105,48----,J,52
28,107,48----,G,258
28,109,48----,G,103
28,111,48----,G,197
28,113,48----,G,349
28,115,48----,H,399
28,117,48----,G,261
28,119,48----,G,6
28,121,48----,H,6346
28,123,48----,H,225
28,125,48----,J,23
28,127,48----,H,76
28,129,48----,H,91
28,131,48----,H,247
28,133,48----,J,1124
28,135,48----,G,38
28,137,48----,G,94
28,139,48----,G,75
28,141,48----,H,127
28,143,48----,J,16
28,145,48----,H,1398
28,147,48----,G,143
28,149,48----,G,955
28,151,48----,G,773
28,153,48----,H,129
28,155,48----,G,62
28,157,48----,H,59
28,159,48----,H,113
28,161,48----,J,63
28,163,48----,J,149
28,999,48----,J,105
29,1,48----,H,179
29,3,48----,H,33
29,5,48----,H,33
29,7,48----,G,401
29,9,48----,G,252
29,11,48----,J,33
29,13,48----,G,120
29,15,48----,H,35
29,17,48----,H,117
29,19,48----,G,2019
29,21,48----,G,1796
29,23,48----,G,380
29,25,48----,G,45
29,27,48----,J,942
29,29,48----,G,464
29,31,48----,G,1216
29,33,48----,G,23
29,35,48----,J,33
29,37,48----,H,1669
29,39,48----,J,49
29,41,48----,J,69
29,43,48----,H,428
29,45,48----,G,22
29,47,48----,H,7391
29,49,48----,G,63
29,51,48----,H,681
29,53,48----,G,117
29,55,48----,H,151
29,57,48----,G,20
29,59,48----,G,26
29,61,48----,J,13
29,63,48----,H,106
29,65,48----,H,82
29,67,48----,J,44
29,69,48----,H,236
29,71,48----,G,1371
29,73,48----,H,134
29,75,48----,H,99
29,77,48----,H,10986
29,79,48----,J,39
29,81,48----,H,68
29,83,48----,H,130
29,85,48----,J,14
29,87,48----,J,36
29,89,48----,H,74
29,91,48----,H,390
29,93,48----,G,55
29,95,48----,G,8073
29,97,48----,H,5495
29,99,48----,H,888
29,101,48----,J,840
29,103,48----,G,14
29,105,48----,G,213
29,107,48----,H,286
29,109,48----,H,350
29,111,48----,H,116
29,113,48----,G,699
29,115,48----,H,120
29,117,48----,J,245
29,119,48----,H,143
29,121,48----,H,102
29,123,48----,J,20
29,125,48----,H,153
29,127,48----,H,187
29,129,48----,J,31
29,131,48----,H,213
29,133,48----,G,292
29,135,48----,G,20
29,137,48----,J,76
29,139,48----,J,59
29,141,48----,H,108
29,143,48----,G,542
29,145,48----,H,1151
29,147,48----,H,55
29,149,48----,J,42
29,151,48----,J,76
29,153,48----,G,30
29,155,48----,G,137
29,157,48----,H,519
29,159,48----,G,674
29,161,48----,H,1705
29,163,48----,G,254
29,165,48----,H,4351
29,167,48----,H,106
29,169,48----,J,168
29,171,48----,J,14
29,173,48----,H,172
29,175,48----,H,1201
29,177,48----,G,178
29,179,48----,J,10
29,181,48----,G,32
29,183,48----,H,6275
29,185,48----,J,98
29,186,48----,J,388
29,187,48----,G,448
29,189,48----,G,21846
29,195,48----,J,112
29,199,48----,J,18
29,201,48----,G,1226
29,203,48----,G,22
29,205,48----,H,45
29,207,48----,H,214
29,209,48----,J,33
29,211,48----,H,24
29,213,48----,J,257
29,215,48----,H,372
29,217,48----,H,143
29,219,48----,H,450
29,221,48----,H,198
29,223,48----,J,30
29,225,48----,J,244
29,227,48----,J,4
29,229,48----,H,79
29,510,48----,H,7625
29,999,48----,J,234
30,1,48----,J,10
30,3,48----,G,97
30,7,48----,J,52
30,9,48----,J,111
30,13,48----,G,908
30,15,48----,G,7
30,17,48----,J,337
30,21,48----,H,130
30,23,48----,J,9
30,25,48----,H,77
30,27,48----,H,43
30,29,48----,G,985
30,31,48----,G,1407
30,33,48----,J,9
30,35,48----,H,48
30,39,48----,G,7
30,41,48----,J,142
30,43,48----,J,77
30,45,48----,J,14
30,47,48----,H,307
30,49,48----,G,674
30,53,48----,G,158
30,55,48----,J,6
30,57,48----,J,29
30,61,48----,J,28
30,63,48----,G,1947
30,65,48----,J,13
30,67,48----,J,57
30,71,48----,J,5
30,73,48----,G,17
30,77,48----,J,26
30,81,48----,H,362
30,83,48----,G,453
30,85,48----,J,68
30,87,48----,J,11
30,89,48----,H,58
30,91,48----,J,11
30,93,48----,G,504
30,95,48----,J,28
30,97,48----,J,60
30,99,48----,H,34
30,101,48----,G,134
30,105,48----,G,36
30,107,48----,G,16
30,109,48----,J,16
30,111,48----,G,3705
30,999,48----,J,161
31,1,48----,H,201
31,3,48----,J,18
31,9,48----,J,5
31,11,48----,G,56
31,13,48----,H,107
31,15,48----,J,32
31,17,48----,J,19
31,19,48----,G,1077
31,21,48----,G,18
31,23,48----,G,56
31,25,48----,H,427
31,27,48----,H,101
31,29,48----,H,46
31,31,48----,H,68
31,33,48----,G,217
31,35,48----,J,120
31,37,48----,H,337
31,39,48----,H,93
31,41,48----,G,60
31,43,48----,H,1419
31,45,48----,G,20
31,47,48----,H,168
31,49,48----,J,10
31,51,48----,G,52
31,53,48----,H,629
31,55,48----,G,9233
31,57,48----,G,5
31,59,48----,G,107
31,61,48----,J,13
31,63,48----,J,34
31,65,48----,H,49
31,67,48----,G,218
31,69,48----,G,8
31,71,48----,J,11
31,73,48----,G,7
31,77,48----,J,9
31,79,48----,H,3341
31,81,48----,H,244
31,87,48----,G,33
31,89,48----,H,196
31,91,48----,J,3
31,93,48----,H,58
31,95,48----,J,39
31,97,48----,J,24
31,99,48----,H,68
31,101,48----,G,29
31,105,48----,J,34
31,107,48----,J,60
31,109,48----,H,5642
31,111,48----,H,1078
31,113,48----,G,4
31,115,48----,G,4
31,119,48----,H,830
31,121,48----,G,73
31,123,48----,H,60
31,125,48----,G,11
31,127,48----,J,40
31,129,48----,J,34
31,131,48----,H,92
31,133,48----,J,11
31,135,48----,J,4
31,137,48----,H,59
31,139,48----,J,143
31,141,48----,G,499
31,143,48----,J,54
31,145,48----,H,91
31,147,48----,H,80
31,149,48----,J,15
31,151,48----,J,326
31,153,48----,G,3253
31,155,48----,H,159
31,157,48----,G,476
31,159,48----,H,144
31,161,48----,G,5
31,163,48----,G,15
31,165,48----,J,7
31,167,48----,G,53
31,169,48----,H,27
31,173,48----,H,22
31,175,48----,H,26
31,177,48----,H,201
31,179,48----,H,83
31,181,48----,J,7
31,185,48----,J,171
31,999,48----,H,267
32,1,48----,H,524
32,3,48----,G,46249
32,5,48----,H,132
32,7,48----,G,613
32,11,48----,J,33
32,13,48----,J,125
32,15,48----,H,41
32,17,48----,J,39
32,19,48----,G,226
32,21,48----,J,6
32,23,48----,H,121
32,27,48----,J,12
32,29,48----,H,2074
32,31,48----,G,14132
32,33,48----,J,59
32,510,48----,G,176
32,999,48----,J,57
33,1,48----,H,465
33,3,48----,H,249
33,5,48----,G,873
33,7,48----,H,298
33,9,48----,G,929
33,11,48----,H,4872
33,13,48----,G,1972
33,15,48----,H,6603
33,17,48----,G,746
33,19,48----,H,155
33,999,48----,G,16
34,1,48----,H,2498
34,3,48----,G,19165
34,5,48----,H,15114
34,7,48----,G,11081
34,9,48----,J,228
34,11,48----,H,2773
34,13,48----,H,32499
34,15,48----,G,6330
34,17,48----,G,26764
34,19,48----,G,1130
34,21,48----,G,5265
34,23,48----,G,46639
34,25,48----,G,7493
34,27,48----,G,8164
34,29,48----,G,3917
34,31,48----,G,7048
34,33,48----,H,2147
34,35,48----,G,4344
34,37,48----,G,674
34,39,48----,G,16101
34,41,48----,G,703
34,999,48----,G,183
35,1,48----,G,7159
35,5,48----,G,831
35,6,48----,G,36
35,7,48----,H,121
35,9,48----,G,519
35,13,48----,G,1993
35,15,48----,G,1590
35,17,48----,H,76
35,19,48----,G,42
35,23,48----,G,46
35,25,48----,G,1764
35,27,48----,H,107
35,29,48----,G,184
35,31,48----,H,645
35,35,48----,G,211
35,37,48----,H,81
35,39,48----,H,32
35,41,48----,H,476
35,43,48----,H,350
35,45,48----,G,1173
35,47,48----,G,198
35,49,48----,G,879
35,51,48----,G,15
35,53,48----,J,74
35,55,48----,G,76
35,57,48----,G,90
35,61,48----,J,1292
35,999,48----,G,8
36,1,48----,G,5124
36,3,48----,G,124
36,5,48----,G,13155
36,7,48----,G,1843
36,9,48----,H,334
36,11,48----,G,802
36,13,48----,G,1023
36,15,48----,G,1281
36,17,48----,H,324
36,19,48----,H,2198
36,21,48----,G,626
36,23,48----,J,185
36,25,48----,H,152
36,27,48----,H,2931
36,29,48----,G,17066
36,31,48----,G,86
36,33,48----,G,93
36,35,48----,H,1764
36,37,48----,H,383
36,39,48----,J,340
36,41,48----,J,15
36,43,48----,J,1289
36,45,48----,H,1141
36,47,48----,G,24765
36,49,48----,J,108
36,51,48----,H,435
36,53,48----,G,184
36,55,48----,G,8837
36,57,48----,G,2716
36,59,48----,G,22247
36,61,48----,G,17199
36,63,48----,G,2390
36,65,48----,G,3294
36,67,48----,G,10651
36,69,48----,H,1419
36,71,48----,G,7448
36,73,48----,H,239
36,75,48----,G,379
36,77,48----,G,217
36,79,48----,G,553
36,81,48----,G,60174
36,83,48----,G,2188
36,85,48----,G,6925
36,87,48----,G,3344
36,89,48----,G,884
36,91,48----,G,2922
36,93,48----,G,2565
36,95,48----,H,632
36,97,48----,H,191
36,99,48----,H,661
36,101,48----,H,660
36,103,48----,G,20757
36,105,48----,G,1154
36,107,48----,J,562
36,109,48----,G,493
36,111,48----,H,1477
36,113,48----,H,407
36,115,48----,G,112
36,117,48----,G,362
36,119,48----,G,15126
36,121,48----,G,233
36,123,48----,J,96
36,999,48----,G,275
37,1,48----,G,2443
37,3,48----,H,236
37,5,48----,J,26
37,7,48----,G,62
37,9,48----,H,46
37,11,48----,H,61
37,13,48----,H,252
37,15,48----,G,101
37,17,48----,G,867
37,19,48----,G,529
37,21,48----,H,3779
37,23,48----,G,104
37,25,48----,H,8212
37,27,48----,G,586
37,29,48----,G,14
37,31,48----,G,357
37,33,48----,H,37
37,35,48----,G,5821
37,37,48----,G,355
37,39,48----,H,47
37,41,48----,J,326
37,43,48----,G,1
37,45,48----,H,2375
37,47,48----,H,192
37,49,48----,H,1195
37,51,48----,H,3879
37,53,48----,G,82
37,55,48----,J,148
37,57,48----,G,1837
37,59,48----,H,716
37,61,48----,G,461
37,63,48----,H,6375
37,65,48----,J,2328
37,67,48----,G,4491
37,69,48----,G,175
37,71,48----,H,2950
37,73,48----,G,29
37,75,48----,J,27
37,77,48----,H,2174
37,79,48----,H,193
37,81,48----,G,22443
37,83,48----,H,256
37,85,48----,H,1913
37,87,48----,G,123
37,89,48----,H,1361
37,91,48----,H,593
37,93,48----,J,306
37,95,48----,J,28
37,97,48----,H,2636
37,99,48----,J,146
37,101,48----,G,1596
37,103,48----,H,25
37,105,48----,H,350
37,107,48----,H,966
37,109,48----,G,712
37,111,48----,H,165
37,113,48----,H,148
37,115,48----,G,46
37,117,48----,H,77
37,119,48----,H,45881
37,121,48----,J,183
37,123,48----,H,102
37,125,48----,H,564
37,127,48----,G,887
37,129,48----,G,4211
37,131,48----,H,1143
37,133,48----,G,701
37,135,48----,G,683
37,137,48----,H,45
37,139,48----,G,169
37,141,48----,H,180
37,143,48----,H,209
37,145,48----,G,75
37,147,48----,H,1563
37,151,48----,G,830
37,153,48----,H,178
37,155,48----,H,692
37,157,48----,J,814
37,159,48----,H,3440
37,161,48----,G,499
37,163,48----,G,159
37,165,48----,J,148
37,167,48----,J,115
37,169,48----,G,99
37,171,48----,H,1153
37,173,48----,G,189
37,175,48----,G,65
37,179,48----,G,2884
37,181,48----,G,1634
37,183,48----,G,12119
37,185,48----,J,55
37,187,48----,G,90
37,189,48----,G,107
37,191,48----,H,609
37,193,48----,H,427
37,195,48----,H,862
37,197,48----,J,472
37,199,48----,J,70
37,999,48----,G,303
38,1,48----,G,19
38,3,48----,G,107
38,5,48----,J,13
38,7,48----,J,52
38,9,48----,J,62
38,11,48----,G,22
38,13,48----,J,17
38,15,48----,G,1758
38,17,48----,G,4887
38,19,48----,J,104
38,21,48----,J,19
38,23,48----,J,51
38,25,48----,J,421
38,27,48----,J,8
38,29,48----,J,13
38,31,48----,J,18
38,35,48----,G,1485
38,37,48----,G,9
38,39,48----,H,32
38,41,48----,J,8
38,43,48----,J,25
38,45,48----,H,42
38,47,48----,J,8
38,49,48----,G,24
38,51,48----,H,20
38,53,48----,H,906
38,55,48----,H,57
38,57,48----,J,32
38,59,48----,H,721
38,61,48----,G,538
38,63,48----,G,11
38,65,48----,G,29
38,67,48----,G,197
38,69,48----,H,24
38,71,48----,G,103
38,73,48----,J,13
38,75,48----,G,8
38,77,48----,G,156
38,79,48----,J,15
38,81,48----,G,11
38,83,48----,J,9
38,87,48----,G,9
38,89,48----,G,778
38,93,48----,H,275
38,95,48----,G,6
38,97,48----,J,169
38,99,48----,H,198
38,101,48----,G,1087
38,103,48----,J,8
38,105,48----,G,1336
39,1,48----,H,64
39,3,48----,G,1444
39,5,48----,G,411
39,7,48----,G,422
39,9,48----,G,255
39,11,48----,G,460
39,13,48----,H,773
39,15,48----,G,307
39,17,48----,G,13806
39,19,48----,H,350
39,21,48----,H,272
39,23,48----,G,2566
39,25,48----,H,3880
39,27,48----,J,3968
39,29,48----,G,994
39,31,48----,G,153
39,33,48----,G,282
39,35,48----,G,19868
39,37,48----,G,879
39,39,48----,H,945
39,41,48----,G,3360
39,43,48----,G,645
39,45,48----,G,1030
39,47,48----,H,223
39,49,48----,G,50964
39,51,48----,H,327
39,53,48----,H,179
39,55,48----,G,804
39,57,48----,G,802
39,59,48----,G,565
39,61,48----,G,14306
39,63,48----,G,5035
39,65,48----,H,161
39,67,48----,H,355
39,69,48----,G,472
39,71,48----,J,181
39,73,48----,J,195
39,75,48----,G,886
39,77,48----,G,1170
39,79,48----,G,235
39,81,48----,H,1594
39,83,48----,H,168
39,85,48----,H,1643
39,87,48----,H,629
39,89,48----,J,8300
39,91,48----,H,1053
39,93,48----,G,1732
39,95,48----,G,7432
39,97,48----,H,3656
39,99,48----,G,4533
39,101,48----,H,784
39,103,48----,G,2069
39,105,48----,J,45
39,107,48----,G,2043
39,109,48----,H,2755
39,111,48----,G,207
39,113,48----,H,9469
39,115,48----,G,6
39,117,48----,J,601
39,119,48----,H,2361
39,121,48----,G,162
39,123,48----,G,273
39,125,48----,H,314
39,127,48----,H,78
39,129,48----,G,618
39,131,48----,H,101
39,133,48----,H,1379
39,135,48----,G,225
39,137,48----,H,251
39,139,48----,H,1415
39,141,48----,G,1395
39,143,48----,G,808
39,145,48----,H,633
39,147,48----,G,468
39,149,48----,H,999
39,151,48----,G,3310
39,153,48----,G,14274
39,155,48----,G,2692
39,157,48----,G,592
39,159,48----,G,1632
39,161,48----,H,248
39,163,48----,H,85
39,165,48----,H,2084
39,167,48----,G,955
39,169,48----,G,1354
39,171,48----,J,1021
39,173,48----,G,7775
39,175,48----,G,192
39,999,48----,H,2594
40,1,48----,H,45
40,3,48----,J,7
40,5,48----,G,78
40,7,48----,J,93
40,9,48----,G,553
40,11,48----,J,63
40,13,48----,H,461
40,15,48----,J,13
40,17,48----,G,1112
40,19,48----,H,2333
40,21,48----,G,6
40,23,48----,G,110
40,25,48----,G,8
40,27,48----,H,1101
40,29,48----,G,33
40,31,48----,G,562
40,35,48----,J,143
40,37,48----,H,931
40,39,48----,H,268
40,41,48----,G,291
40,43,48----,J,101
40,45,48----,H,118
40,47,48----,G,1445
40,49,48----,H,1209
40,51,48----,G,550
40,53,48----,H,47
40,55,48----,J,9
40,59,48----,J,51
40,61,48----,H,205
40,65,48----,J,212
40,67,48----,J,12
40,69,48----,J,26
40,71,48----,H,813
40,73,48----,H,426
40,75,48----,G,52
40,77,48----,H,45
40,79,48----,J,130
40,81,48----,H,412
40,83,48----,G,193
40,85,48----,J,623
40,87,48----,G,223
40,89,48----,H,214
40,91,48----,G,60
40,93,48----,H,89
40,95,48----,H,61
40,97,48----,H,362
40,99,48----,G,21
40,101,48----,G,1102
40,103,48----,J,20
40,107,48----,J,29
40,109,48----,G,19259
40,111,48----,J,38
40,113,48----,J,106
40,115,48----,H,101
40,117,48----,G,4
40,119,48----,H,465
40,121,48----,H,559
40,123,48----,G,297
40,125,48----,H,227
40,127,48----,H,25
40,129,48----,H,24
40,131,48----,J,1875
40,133,48----,J,315
40,135,48----,G,249
40,137,48----,H,1159
40,139,48----,J,72
40,141,48----,J,35
40,143,48----,H,13885
40,145,48----,H,227
40,147,48----,H,1037
40,149,48----,G,38
40,151,48----,J,91
40,153,48----,G,300
40,999,48----,J,197
41,1,48----,J,103
41,3,48----,H,585
41,5,48----,G,3926
41,7,48----,H,237
41,9,48----,G,237
41,11,48----,G,843
41,13,48----,G,598
41,15,48----,H,93
41,17,48----,G,1878
41,19,48----,G,1377
41,21,48----,J,40
41,23,48----,J,23
41,25,48----,G,21
41,27,48----,H,142
41,29,48----,G,3782
41,31,48----,G,36
41,33,48----,J,436
41,35,48----,H,444
41,37,48----,G,29
41,39,48----,G,2884
41,41,48----,G,374
41,43,48----,H,3184
41,45,48----,J,259
41,47,48----,G,6568
41,49,48----,J,54
41,51,48----,G,31746
41,53,48----,H,514
41,55,48----,J,127
41,57,48----,H,327
41,59,48----,H,2638
41,61,48----,G,239
41,63,48----,G,120
41,65,48----,H,311
41,67,48----,H,6519
41,71,48----,H,426
41,999,48----,H,156
42,1,48----,H,807
42,3,48----,H,19141
42,5,48----,G,1179
42,7,48----,G,2865
42,9,48----,G,2059
42,11,48----,G,7658
42,13,48----,H,3755
42,15,48----,G,1326
42,17,48----,G,10058
42,19,48----,H,6072
42,21,48----,G,1976
42,23,48----,J,33
42,25,48----,H,230
42,27,48----,G,1712
42,29,48----,G,7548
42,31,48----,G,281
42,33,48----,H,2688
42,35,48----,G,502
42,37,48----,H,1973
42,39,48----,H,594
42,41,48----,G,18699
42,43,48----,G,9021
42,45,48----,G,10664
42,47,48----,G,391
42,49,48----,G,2615
42,51,48----,G,1632
42,53,48----,J,41
42,55,48----,H,6296
42,57,48----,G,60
42,59,48----,H,339
42,61,48----,H,280
42,63,48----,G,768
42,65,48----,G,657
42,67,48----,G,292
42,69,48----,G,5285
42,71,48----,G,11730
42,73,48----,H,643
42,75,48----,H,2921
42,77,48----,G,10503
42,79,48----,G,16771
42,81,48----,G,1526
42,83,48----,H,429
42,85,48----,H,1684
42,87,48----,H,611
42,89,48----,H,2976
42,91,48----,G,15348
42,93,48----,G,173
42,95,48----,H,16987
42,97,48----,H,3033
42,99,48----,H,1084
42,101,48----,G,25672
42,103,48----,G,211
42,105,48----,G,423
42,107,48----,G,5995
42,109,48----,H,471
42,111,48----,G,1237
42,113,48----,J,11
42,115,48----,G,220
42,117,48----,H,385
42,119,48----,H,370
42,121,48----,G,787
42,123,48----,H,701
42,125,48----,G,3306
42,127,48----,G,330
42,129,48----,G,7631
42,131,48----,H,932
42,133,48----,H,12896
42,999,48----,H,410
44,1,48----,H,112
44,3,48----,G,3832
44,5,48----,H,1171
44,7,48----,G,6741
44,9,48----,H,997
44,999,48----,J,26
45,1,48----,H,46
45,3,48----,G,1526
45,5,48----,J,68
45,7,48----,H,2551
45,9,48----,J,12
45,11,48----,G,32
45,13,48----,G,747
45,15,48----,H,6927
45,17,48----,G,86
45,19,48----,G,10877
45,21,48----,J,1598
45,23,48----,H,505
45,25,48----,H,1296
45,27,48----,G,111
45,29,48----,H,171
45,31,48----,G,1391
45,33,48----,J,257
45,35,48----,H,681
45,37,48----,G,192
45,39,48----,J,33
45,41,48----,J,2899
45,43,48----,G,423
45,45,48----,G,8891
45,47,48----,H,810
45,49,48----,H,122
45,51,48----,G,1996
45,53,48----,G,113
45,55,48----,J,1415
45,57,48----,H,379
45,59,48----,J,1271
45,61,48----,G,72
45,63,48----,G,6837
45,67,48----,H,274
45,69,48----,H,153
45,71,48----,H,304
45,73,48----,G,71
45,75,48----,H,1430
45,77,48----,J,178
45,79,48----,H,4134
45,81,48----,H,98
45,83,48----,H,10973
45,85,48----,G,807
45,87,48----,H,1012
45,89,48----,G,221
45,91,48----,H,7081
45,999,48----,H,680
46,3,48----,J,7
46,5,48----,H,229
46,9,48----,J,56
46,11,48----,H,286
46,13,48----,H,400
46,15,48----,H,31
46,19,48----,H,47
46,21,48----,G,19
46,23,48----,J,27
46,25,48----,G,33
46,27,48----,H,426
46,29,48----,G,442
46,33,48----,J,22
46,35,48----,H,144
46,37,48----,H,53
46,39,48----,H,22
46,43,48----,H,47
46,45,48----,G,29
46,47,48----,H,21
46,49,48----,J,5
46,51,48----,H,297
46,53,48----,J,28
46,57,48----,J,42
46,59,48----,J,31
46,61,48----,J,15
46,65,48----,H,375
46,67,48----,H,35
46,71,48----,J,5
46,75,48----,J,13
46,77,48----,J,20
46,79,48----,J,33
46,81,48----,H,245
46,83,48----,G,524
46,85,48----,J,10
46,87,48----,H,36
46,91,48----,J,13
46,93,48----,H,603
46,97,48----,J,9
46,99,48----,G,4209
46,101,48----,H,43
46,103,48----,G,1196
46,105,48----,J,10
46,107,48----,G,5
46,109,48----,J,54
46,111,48----,J,26
46,115,48----,G,90
46,117,48----,J,9
46,123,48----,J,71
46,125,48----,H,97
46,127,48----,H,462
46,129,48----,H,143
46,135,48----,H,170
46,137,48----,J,4
46,999,48----,H,44
47,1,48----,H,764
47,3,48----,H,2283
47,5,48----,J,108
47,9,48----,G,1452
47,11,48----,G,2619
47,13,48----,G,129
47,15,48----,H,206
47,17,48----,H,36
47,19,48----,G,182
47,21,48----,G,519
47,23,48----,J,39
47,25,48----,G,629
47,27,48----,J,20
47,29,48----,J,58
47,31,48----,G,622
47,33,48----,H,62
47,35,48----,J,1140
47,37,48----,G,28955
47,39,48----,J,29
47,41,48----,J,15
47,43,48----,H,302
47,45,48----,G,327
47,47,48----,G,238
47,49,48----,H,235
47,51,48----,G,129
47,53,48----,G,886
47,55,48----,H,147
47,57,48----,G,149
47,59,48----,J,4243
47,61,48----,J,20
47,63,48----,H,750
47,65,48----,G,12879
47,67,48----,J,10
47,69,48----,H,155
47,71,48----,H,327
47,73,48----,G,137
47,75,48----,G,79
47,77,48----,H,796
47,79,48----,G,263
47,81,48----,H,43
47,85,48----,G,186
47,89,48----,J,1289
47,91,48----,H,609
47,93,48----,G,10006
47,97,48----,G,421
47,99,48----,G,813
47,101,48----,H,54
47,103,48----,H,329
47,105,48----,G,1075
47,107,48----,G,280
47,109,48----,H,227
47,111,48----,G,61
47,113,48----,H,2552
47,115,48----,J,124
47,117,48----,H,317
47,119,48----,H,1468
47,121,48----,J,9
47,123,48----,H,357
47,125,48----,G,706
47,127,48----,G,5
47,129,48----,H,29
47,131,48----,G,367
47,133,48----,H,38
47,135,48----,H,35
47,139,48----,J,30
47,141,48----,H,1740
47,143,48----,G,203
47,145,48----,G,607
47,147,48----,H,1916
47,149,48----,G,8998
47,151,48----,H,113
47,153,48----,J,24
47,155,48----,H,426
47,157,48----,H,60149
47,159,48----,G,114
47,161,48----,J,33
47,163,48----,H,2238
47,165,48----,H,4359
47,167,48----,H,451
47,169,48----,G,48
47,171,48----,G,12
47,173,48----,H,58
47,177,48----,G,237
47,179,48----,G,413
47,181,48----,J,47
47,183,48----,J,291
47,185,48----,H,408
47,187,48----,H,2814
47,189,48----,G,9059
47,999,48----,H,455
48,1,48----,J,2224
48,3,48----,G,368
48,5,48----,G,1370
48,7,48----,H,142
48,9,48----,H,146
48,13,48----,G,638
48,15,48----,J,1200
48,17,48----,G,11
48,19,48----,H,41
48,21,48----,H,324
48,23,48----,G,16
48,25,48----,J,48
48,27,48----,G,3570
48,29,48----,G,35379
48,31,48----,G,84
48,35,48----,G,27
48,37,48----,H,807
48,39,48----,G,2777
48,41,48----,G,3314
48,43,48----,J,37
48,47,48----,J,17
48,49,48----,G,274
48,51,48----,H,160
48,53,48----,H,234
48,55,48----,H,185
48,57,48----,H,240
48,59,48----,H,91
48,61,48----,G,4931
48,63,48----,J,343
48,65,48----,H,109
48,67,48----,H,161
48,69,48----,J,406
48,71,48----,H,3764
48,73,48----,G,145
48,75,48----,J,49
48,77,48----,J,183
48,83,48----,J,33
48,85,48----,G,7484
48,89,48----,H,274
48,91,48----,H,3862
48,93,48----,J,60
48,97,48----,J,2292
48,99,48----,G,66
48,103,48----,H,97
48,105,48----,G,67
48,107,48----,J,17
48,109,48----,J,19
48,111,48----,H,81
48,113,48----,H,143390
48,115,48----,G,83
48,117,48----,H,225
48,119,48----,J,3
48,121,48----,H,23293
48,123,48----,H,127
48,127,48----,G,187
48,131,48----,H,61
48,133,48----,G,331
48,135,48----,G,2864
48,137,48----,J,11
48,139,48----,H,3973
48,141,48----,G,16430
48,143,48----,H,730
48,145,48----,J,45
48,147,48----,G,94
48,149,48----,H,103
48,151,48----,J,32
48,153,48----,H,50
48,157,48----,G,8228
48,159,48----,H,1243
48,161,48----,J,75
48,163,48----,H,343
48,165,48----,G,256
48,167,48----,G,3414
48,169,48----,J,21
48,171,48----,G,142
48,175,48----,J,141
48,177,48----,G,214
48,179,48----,G,301
48,181,48----,G,1257
48,183,48----,H,2398
48,185,48----,G,162
48,187,48----,H,2438
48,189,48----,H,1527
48,191,48----,H,27
48,193,48----,J,46
48,195,48----,H,57
48,197,48----,J,19
48,199,48----,G,178
48,201,48----,H,112256
48,203,48----,H,1149
48,205,48----,H,28
48,207,48----,G,46
48,209,48----,H,2383
48,211,48----,G,66
48,213,48----,G,155
48,215,48----,G,8820
48,217,48----,H,281
48,219,48----,H,360
48,221,48----,G,263
48,223,48----,H,520
48,225,48----,G,103
48,227,48----,G,308
48,229,48----,G,11
48,231,48----,H,388
48,233,48----,J,87
48,235,48----,H,107
48,237,48----,H,243
48,239,48----,J,91
48,241,48----,G,249
48,245,48----,G,3788
48,247,48----,J,12
48,249,48----,H,495
48,251,48----,H,2727
48,253,48----,G,169
48,255,48----,H,276
48,257,48----,H,3063
48,259,48----,G,173
48,265,48----,H,238
48,267,48----,J,12
48,273,48----,J,627
48,275,48----,H,49
48,277,48----,H,392
48,279,48----,G,54
48,281,48----,J,45
48,283,48----,H,95
48,285,48----,H,225
48,287,48----,H,222
48,289,48----,G,77
48,291,48----,G,701
48,293,48----,H,43
48,295,48----,H,97
48,297,48----,J,299
48,299,48----,G,29
48,301,48----,J,296
48,303,48----,G,4733
48,307,48----,J,79
48,309,48----,H,4461
48,311,48----,J,63
48,313,48----,H,34
48,315,48----,H,182
48,317,48----,H,55
48,319,48----,J,28
48,321,48----,G,141
48,323,48----,G,791
48,325,48----,G,310
48,329,48----,G,5112
48,331,48----,G,56
48,333,48----,J,6
48,335,48----,J,30
48,337,48----,J,93
48,339,48----,H,5957
48,341,48----,H,208
48,343,48----,H,72
48,347,48----,G,284
48,349,48----,H,615
48,351,48----,H,24
48,353,48----,H,255
48,355,48----,G,4043
48,357,48----,G,75
48,361,48----,G,476
48,363,48----,G,184
48,365,48----,H,196
48,367,48----,G,1101
48,369,48----,J,140
48,371,48----,J,378
48,373,48----,G,213
48,375,48----,G,2484
48,377,48----,G,52
48,379,48----,G,12
48,381,48----,G,1322
48,383,48----,J,132
48,387,48----,H,21
48,389,48----,G,762
48,391,48----,J,62
48,393,48----,J,17
48,395,48----,H,605
48,397,48----,G,783
48,399,48----,G,55
48,401,48----,G,246
48,403,48----,J,38
48,405,48----,G,45
48,407,48----,G,28
48,409,48----,H,848
48,411,48----,G,52
48,413,48----,J,18
48,415,48----,H,442
48,417,48----,G,14
48,419,48----,H,227
48,421,48----,J,104
48,423,48----,G,4140
48,425,48----,J,70
48,427,48----,H,275
48,429,48----,J,39
48,431,48----,H,28
48,435,48----,G,40
48,437,48----,J,30
48,439,48----,G,52850
48,441,48----,G,2576
48,445,48----,G,58
48,449,48----,H,97
48,451,48----,H,828
48,453,48----,G,21252
48,455,48----,J,39
48,457,48----,G,156
48,459,48----,H,321
48,461,48----,H,97
48,463,48----,H,356
48,465,48----,G,752
48,467,48----,G,220
48,469,48----,H,1032
48,471,48----,G,138
48,473,48----,H,2351
48,475,48----,H,335
48,477,48----,G,203
48,479,48----,G,17644
48,481,48----,G,393
48,483,48----,J,32
48,485,48----,G,1452
48,487,48----,J,106
48,489,48----,H,28
48,491,48----,G,2536
48,493,48----,J,288
48,495,48----,J,456
48,497,48----,G,491
48,499,48----,J,216
48,501,48----,J,144
48,503,48----,H,60
48,505,48----,J,16
48,507,48----,J,40
48,999,48----,J,3389
49,1,48----,H,118
49,3,48----,H,1790
49,5,48----,G,1598
49,7,48----,G,386
49,11,48----,G,5429
49,13,48----,G,647
49,15,48----,H,73
49,17,48----,J,12
49,19,48----,H,109
49,21,48----,H,338
49,23,48----,H,41
49,25,48----,J,13
49,27,48----,H,76
49,29,48----,H,211
49,31,48----,J,14
49,33,48----,J,18
49,35,48----,G,37583
49,37,48----,J,36
49,39,48----,H,116
49,41,48----,G,805
49,43,48----,G,310
49,45,48----,H,1550
49,47,48----,H,746
49,49,48----,G,4880
49,51,48----,H,187
49,53,48----,G,4181
49,55,48----,G,14
49,57,48----,H,4558
49,999,48----,J,7174
50,1,48----,G,361
50,3,48----,H,130
50,5,48----,J,270
50,7,48----,G,2525
50,9,48----,G,18
50,11,48----,H,427
50,13,48----,J,129
50,15,48----,J,125
50,17,48----,J,48
50,19,48----,H,152
50,21,48----,G,309
50,23,48----,G,466
50,25,48----,H,469
50,27,48----,J,322
50,999,48----,J,8
51,1,48----,H,173
51,3,48----,G,935
51,5,48----,G,12
51,7,48----,G,87
51,9,48----,H,183
51,11,48----,H,41
51,13,48----,J,5001
51,15,48----,H,2940
51,19,48----,G,311
51,21,48----,J,15
51,23,48----,H,1235
51,25,48----,G,125
51,27,48----,G,109
51,29,48----,H,67
51,31,48----,G,611
51,33,48----,H,285
51,35,48----,G,183
51,36,48----,H,260
51,37,48----,J,204
51,41,48----,G,7868
51,43,48----,H,32
51,47,48----,G,213
51,49,48----,J,64
51,51,48----,G,115
51,53,48----,H,1587
51,57,48----,J,39
51,59,48----,G,9631
51,61,48----,H,368
51,63,48----,J,14
51,65,48----,J,41
51,67,48----,G,263
51,69,48----,G,3112
51,71,48----,J,77
51,73,48----,G,197
51,75,48----,H,856
51,77,48----,J,118
51,79,48----,H,126
51,81,48----,H,647
51,83,48----,H,1215
51,85,48----,J,3797
51,87,48----,H,6329
51,89,48----,H,734
51,93,48----,H,191
51,95,48----,J,1464
51,97,48----,H,51
51,99,48----,G,144
51,101,48----,G,87
51,103,48----,J,95
51,105,48----,J,48
51,107,48----,H,14092
51,109,48----,J,1533
51,111,48----,J,47
51,113,48----,J,42
51,115,48----,J,10
51,117,48----,H,413
51,119,48----,J,46
51,121,48----,H,481
51,125,48----,J,61
51,127,48----,G,77
51,131,48----,G,2
51,133,48----,H,47
51,135,48----,J,35
51,137,48----,J,421
51,139,48----,H,141
51,141,48----,G,109
51,143,48----,G,324
51,145,48----,H,134
51,147,48----,J,124
51,149,48----,H,1280
51,153,48----,G,3674
51,155,48----,G,860
51,159,48----,J,84
51,161,48----,H,1032
51,163,48----,G,64
51,165,48----,G,3948
51,167,48----,G,141
51,169,48----,J,66
51,171,48----,G,441
51,173,48----,J,261
51,175,48----,G,125
51,177,48----,G,1540
51,179,48----,H,1536
51,181,48----,G,15
51,183,48----,H,64
51,185,48----,H,182
51,187,48----,H,1882
51,191,48----,H,1270
51,193,48----,J,20
51,195,48----,H,217
51,197,48----,H,383
51,199,48----,H,158
51,510,48----,G,1161
51,520,48----,H,450
51,540,48----,G,238
51,550,48----,G,6227
51,570,48----,G,56
51,580,48----,H,236
51,590,48----,H,314
51,600,48----,J,188
51,610,48----,H,137
51,620,48----,G,0
51,630,48----,H,331
51,640,48----,J,39
51,650,48----,J,925
51,660,48----,H,901
51,670,48----,H,32
51,678,48----,J,20
51,680,48----,G,1150
51,683,48----,G,475
51,685,48----,H,84
51,690,48----,J,403
51,700,48----,G,1313
51,710,48----,H,8220
51,730,48----,G,263
51,735,48----,J,12
51,740,48----,H,1903
51,750,48----,J,31
51,760,48----,G,6173
51,770,48----,G,3847
51,775,48----,H,632
51,790,48----,J,518
51,800,48----,G,3303
51,810,48----,G,2768
51,820,48----,H,560
51,830,48----,J,16
51,840,48----,J,134
51,999,48----,H,164
53,1,48----,G,321
53,3,48----,G,80
53,5,48----,H,1526
53,7,48----,H,453
53,9,48----,G,538
53,11,48----,G,4725
53,13,48----,J,7
53,15,48----,G,1409
53,17,48----,G,237
53,19,48----,J,9
53,21,48----,G,2185
53,25,48----,G,1410
53,27,48----,H,432
53,29,48----,J,413
53,31,48----,H,87
53,33,48----,G,53315
53,35,48----,G,1176
53,37,48----,H,354
53,39,48----,J,60
53,41,48----,H,1442
53,43,48----,J,32
53,45,48----,G,163
53,47,48----,H,383
53,49,48----,J,20
53,51,48----,J,22
53,53,48----,G,18913
53,55,48----,G,227
53,57,48----,G,1525
53,59,48----,G,13
53,61,48----,G,7138
53,63,48----,G,7361
53,65,48----,H,346
53,67,48----,G,3058
53,69,48----,G,6
53,71,48----,H,348
